{
    "Decoding mnist using LOC": {
        "MSE": 0.00012173177579614387,
        "R2": -0.20656616415260465,
        "Accuracy": 0.7058057216752819,
        "Correlation": 0.19876371096776418
    },
    "Decoding mnist using OPA": {
        "MSE": 9.074416686662823e-05,
        "R2": -0.16161847518649294,
        "Accuracy": 0.7594152030884718,
        "Correlation": 0.26390564970825015
    },
    "Decoding mnist using PPA": {
        "MSE": 0.0003084225118174564,
        "R2": -0.18651588344267048,
        "Accuracy": 0.7384781920704903,
        "Correlation": 0.1461920116518157
    },
    "Decoding mnist using RSC": {
        "MSE": 0.0002546602404998866,
        "R2": -0.16634132673139762,
        "Accuracy": 0.6822310500672949,
        "Correlation": 0.09629421117604631
    },
    "Decoding mnist using EarlyVis": {
        "MSE": 0.00015525178506046043,
        "R2": -0.22954436483387325,
        "Accuracy": 0.6396903132902682,
        "Correlation": 0.20718234999451032
    },
    "Decoding cifar using LOC": {
        "MSE": 0.0001217564987661722,
        "R2": -0.20690190543596937,
        "Accuracy": 0.7062302789061252,
        "Correlation": 0.19895001853764083
    },
    "Decoding cifar using OPA": {
        "MSE": 9.078429845725822e-05,
        "R2": -0.16210771280006023,
        "Accuracy": 0.75909401465501,
        "Correlation": 0.26383820224223786
    },
    "Decoding cifar using PPA": {
        "MSE": 0.00030851803168683304,
        "R2": -0.1866873353299835,
        "Accuracy": 0.7376128364974085,
        "Correlation": 0.14599974929197007
    },
    "Decoding cifar using RSC": {
        "MSE": 0.00025466407797792234,
        "R2": -0.16667836174036102,
        "Accuracy": 0.6817787948921004,
        "Correlation": 0.09644127672470651
    },
    "Decoding cifar using EarlyVis": {
        "MSE": 0.00015517065064884274,
        "R2": -0.22923474517435766,
        "Accuracy": 0.6403259641211712,
        "Correlation": 0.20748057027418687
    }
}