{
    "Decoding mnist using LOC": {
        "MSE": 0.00011885648582680339,
        "R2": -0.17866348395523154,
        "Accuracy": 0.7130714980829449,
        "Correlation": 0.2018421424433569
    },
    "Decoding mnist using OPA": {
        "MSE": 8.852211092197959e-05,
        "R2": -0.1336067085528837,
        "Accuracy": 0.7654229231392973,
        "Correlation": 0.26753184899618654
    },
    "Decoding mnist using PPA": {
        "MSE": 0.000301979477498544,
        "R2": -0.16109438353600197,
        "Accuracy": 0.7370943771164252,
        "Correlation": 0.14609454765286845
    },
    "Decoding mnist using RSC": {
        "MSE": 0.00024847741779073244,
        "R2": -0.13665671362460646,
        "Accuracy": 0.6817700597202262,
        "Correlation": 0.09534326142922098
    },
    "Decoding mnist using EarlyVis": {
        "MSE": 0.00015117522258125158,
        "R2": -0.19832090451940484,
        "Accuracy": 0.6469236466387616,
        "Correlation": 0.21113781462444012
    },
    "Decoding cifar using LOC": {
        "MSE": 0.00010610979915177875,
        "R2": -0.046849755640764344,
        "Accuracy": 0.7601774092646707,
        "Correlation": 0.25541732251307825
    },
    "Decoding cifar using OPA": {
        "MSE": 7.994186072624342e-05,
        "R2": -0.017977612400188327,
        "Accuracy": 0.7876787408698862,
        "Correlation": 0.3175619497482046
    },
    "Decoding cifar using PPA": {
        "MSE": 0.00026954577347629814,
        "R2": -0.03360592596831172,
        "Accuracy": 0.7653266189537539,
        "Correlation": 0.19081835998780425
    },
    "Decoding cifar using RSC": {
        "MSE": 0.0002241546374244895,
        "R2": -0.020856251272763252,
        "Accuracy": 0.6908361658737844,
        "Correlation": 0.12064509415450708
    },
    "Decoding cifar using EarlyVis": {
        "MSE": 0.0001347844590490512,
        "R2": -0.06387451833007728,
        "Accuracy": 0.69155007193557,
        "Correlation": 0.26683144259466096
    }
}